Depth,Thaw_Days,Thaw_Prob_July_All,Thaw_Prob_Aug_All,Thaw_Prob_Aug_10,Thaw_Prob_Aug_5,pH,EC,GWC,OC,Acidobacteria,Actinobacteria,Bacteroidetes,Caldiserica,Chlorobi,Chloroflexi,Firmicutes,Nitrospirae,Planctomycetes,Alphaproteobacteria,Betaproteobacteria,Deltaproteobacteria,Gammaproteobacteria,Verrucomicrobia,Bacteria Other,Archaea
0-10,62,100,100,100,100,4.61,73.7,88.0044843,33.88941297,20.58,4.17,8.02,0,0.02,2.07,0,0,6.66,12.15,2.94,7.73,9.07,21.53,3.08,0
10-20,62,100,100,100,100,5.02,8.3,72.7739726,16.05881793,38.26,2.74,2.34,0,0.11,4.35,0.06,0.22,6.42,11.81,5.31,1.9,5.54,13.86,3.35,0.02
20-30,51,76,100,100,100,5.28,5.9,24.30044183,0.566686996,10.73,7.27,11.52,0.05,0.83,8.58,0.99,0.24,1.11,1.78,22.73,7.96,1.15,18.79,4.18,0.2
30-40,32,6,100,100,100,5.28,20.9,43.86574074,1.258664208,8.05,12.11,14.29,0.2,0.8,12.15,1.88,0.14,1.45,4.49,17.66,7.75,0.92,9.02,6.35,0.23
40-50,18,0,64.70588235,100,100,5.48,17.4,23.27586207,0.504473489,1.46,9.67,23.22,7.61,0.16,7.14,10.71,0.09,2.15,0.47,15.33,5.41,0.3,5.31,8.92,0.15
50-60,0,0,11.76470588,20,20,5.65,8.7,23.84976526,0.470044709,0.84,11.13,23.8,11.85,0.19,7.24,13.02,0,2.15,0.37,10.08,4.92,0.19,3.25,9.01,0.19
60-70,0,0,0,0,0,5.62,19.7,20.41998552,0.399694953,6.3,15.88,23.43,6.01,0.31,4.64,12.56,0.09,3.78,3.05,8.7,4.84,1.16,5.79,2.44,0.25