Increment,Depth,pH,EC,GWC,OC,Acidobacteria,Actinobacteria,Bacteroidetes,Caldiserica,Chlorobi,Chloroflexi,Firmicutes,Nitrospirae,Planctomycetes,Alphaproteobacteria,Betaproteobacteria,Deltaproteobacteria,Gammaproteobacteria,Verrucomicrobia,Bacteria Other,Archaea
0-10,0,5.26,65.3,72.12885154,37.64865272,20.35,8.44,7.08,0.00,0.15,1.17,0.36,0.00,6.25,13.04,4.31,5.70,8.41,17.99,5.85,0.09
10-20,10,5.81,70.7,75.37437604,38.79689332,17.93,8.48,2.46,0.00,0.24,4.58,0.05,4.72,2.34,10.62,8.24,2.73,1.06,34.09,1.34,0.06
20-30,20,5.93,34.3,77.32793522,39.84471598,36.82,5.95,2.93,0.00,0.39,5.94,0.15,2.05,1.81,11.61,9.84,4.31,0.85,13.67,1.71,0.09
30-40,30,5.91,33.8,82.94372294,43.81258367,22.74,8.29,8.59,0.03,0.21,2.16,0.20,0.14,2.00,9.23,15.88,6.16,7.53,10.13,5.51,0.02
40-50,40,5.74,43.3,90.4822335,44.64207928,1.61,26.12,18.21,9.86,0.27,5.96,4.03,0.01,1.42,8.54,2.66,6.43,1.60,1.29,10.62,0.84
50-60,50,5.76,18.8,86.37037037,44.72123369,1.41,30.72,13.44,5.01,0.46,9.49,5.49,0.08,1.56,8.94,0.72,5.84,1.21,1.48,12.62,1.41
60-70,60,5.66,102.4,87.87085515,44.29045337,2.02,35.02,14.53,4.38,0.45,9.43,4.95,0.01,1.35,8.44,1.31,5.65,0.68,1.55,8.93,1.13