Increment,Depth,pH,EC,GWC,OC,Acidobacteria,Actinobacteria,Bacteroidetes,Caldiserica,Chlorobi,Chloroflexi,Firmicutes,Nitrospirae,Planctomycetes,Alphaproteobacteria,Betaproteobacteria,Deltaproteobacteria,Gammaproteobacteria,Verrucomicrobia,Bacteria Other,Archaea
0-10,0,5.56,43.6,79.37181664,32.27424749,14.90,5.72,3.64,0.00,1.74,10.26,0.20,6.01,3.17,6.63,10.48,12.74,6.35,12.83,3.71,1.06
10-20,10,5.78,18.2,78.98140663,36.68810043,4.98,6.64,14.15,0.00,3.93,17.29,0.89,2.08,2.47,1.39,1.84,20.49,0.62,10.08,10.01,2.64
20-30,20,5.63,15.5,77.93814433,32.53776435,3.48,10.28,15.39,0.31,3.67,16.60,2.63,0.13,2.26,0.57,0.40,18.83,0.19,9.39,12.99,2.22
30-40,30,5.16,14.9,77.17908082,33.66465898,2.03,9.50,20.08,0.99,3.81,13.87,5.69,0.09,1.66,0.08,0.29,16.17,0.09,11.03,12.57,0.94
40-50,40,5.1,19.8,76.16487455,30.35499624,2.03,7.67,19.46,2.00,3.59,13.43,6.87,0.01,2.20,0.01,1.07,13.30,0.06,14.27,11.78,1.28
50-60,50,5.16,8.8,83.46456693,34.31884831,1.77,21.69,34.83,2.58,1.14,8.87,4.51,0.06,0.98,0.06,2.42,7.32,0.08,7.39,5.10,0.57
60-70,60,5.07,19.5,84.56521739,35.71829856,1.80,24.18,38.80,1.56,0.74,9.83,4.91,0.00,0.69,0.33,1.32,5.77,0.42,3.05,5.98,0.57
70-80,70,5.21,14.4,85.22537563,32.26036269,1.13,37.00,28.85,5.74,0.35,10.40,4.53,0.02,0.31,0.33,0.36,6.96,0.05,1.46,1.57,0.55
80-90,80,5.27,13,87.55846586,33.52372583,0.86,40.93,25.18,6.63,0.10,11.19,5.15,0.03,0.22,0.19,0.25,6.34,0.09,1.06,0.98,0.45